"conversation_id_str","created_at","favorite_count","full_text","id_str","image_url","in_reply_to_screen_name","lang","location","quote_count","reply_count","retweet_count","tweet_url","user_id_str","username"
"429633392666083331","Sat Feb 01 15:12:37 +0000 2014","0","Sebelum tidur harap periksa kembali pagar motor jendela pintu listrik kompor dll. Waspada pencurian &amp; kebakaran. Selamat beristirahat!","429633392666083331","","","in","","0","0","3","https://x.com/undefined/status/429633392666083331","445183062",
"428867892516356096","Thu Jan 30 12:30:48 +0000 2014","3","Motor Listrik Brammo Serbu Inggris http://t.co/goh3XJHLaS via @detikoto","428867892516356096","","","in","","0","1","13","https://x.com/undefined/status/428867892516356096","69183155",
"428864076832194560","Thu Jan 30 12:15:38 +0000 2014","1","Motor Listrik Brammo Serbu Inggris http://t.co/U6IKiNJkjD","428864076832194560","","","in","","0","0","6","https://x.com/undefined/status/428864076832194560","80543284",
"428026830139179008","Tue Jan 28 04:48:43 +0000 2014","2","Selamat gajian ya. Jgn lupa bayar kost-an cicilan motor zakat pajak listrik air bon warteg utang pulsa dan lain2.","428026830139179008","","","in","","0","6","54","https://x.com/undefined/status/428026830139179008","191798619",
"426142605626601472","Thu Jan 23 00:01:29 +0000 2014","0","Mau bayar kode booking pesawat? Bayar listrik bahkan cicilan motor? Yuuk follow @alfamidi_ku untuk info lebih lengkapnya.","426142605626601472","","","in","","0","0","0","https://x.com/undefined/status/426142605626601472","246879632",
"424209110620323840","Fri Jan 17 15:58:28 +0000 2014","0","Sebelum tidur harap periksa kembali pagar motor jendela pintu listrik kompor dll. Waspada pencurian &amp; kebakaran. Selamat beristirahat!","424209110620323840","","","in","","0","0","7","https://x.com/undefined/status/424209110620323840","445183062",
"424066096107249664","Fri Jan 17 06:30:10 +0000 2014","4","[Video] Sebuah Tiang Listrik Timpa pengendara Motor Hingga Tewas http://t.co/oVbpqLWB6m","424066096107249664","","","in","","0","1","6","https://x.com/undefined/status/424066096107249664","55507370",
"424035240567255042","Fri Jan 17 04:27:34 +0000 2014","1","Dua Pengendara Motor Tewas Tertimpa Tiang Listrik http://t.co/eZoZb0RnmR","424035240567255042","","","in","","0","2","6","https://x.com/undefined/status/424035240567255042","57261519",
"424033727899893760","Fri Jan 17 04:21:33 +0000 2014","1","Dua Pengendara Motor Tewas Tertimpa Tiang Listrik http://t.co/tEPQraaPPM","424033727899893760","","","in","","0","0","0","https://x.com/undefined/status/424033727899893760","68930552",
"424030197751373824","Fri Jan 17 04:07:31 +0000 2014","1","Dua Pengendara Motor Tewas Tertimpa Tiang Listrik http://t.co/fz4c9Ga7zU","424030197751373824","","","in","","0","0","2","https://x.com/undefined/status/424030197751373824","22126902",
"424029745513132032","Fri Jan 17 04:05:44 +0000 2014","7","[Video] Sebuah Tiang Listrik Menimpa Pengendara Motor Hingga Tewas http://t.co/EoWz6NjVl6","424029745513132032","","","in","","0","4","8","https://x.com/undefined/status/424029745513132032","55507370",
"423318952778158080","Wed Jan 15 05:01:17 +0000 2014","0","Bayar listrik isi pulsa bayar kode booking pesawat bayar cicilan motor &amp; pesan tiket kereta SEMUA BISA di Alfamidi http://t.co/KwejOPVmIu","423318952778158080","","","in","","0","0","0","https://x.com/undefined/status/423318952778158080","289267785",
"422377677626937344","Sun Jan 12 14:41:00 +0000 2014","0","Sebelum tidur harap periksa kembali pagar motor jendela pintu listrik kompor dll. Waspada pencurian &amp; kebakaran. Selamat beristirahat!","422377677626937344","","","in","","0","0","7","https://x.com/undefined/status/422377677626937344","445183062",
"421195894780743680","Thu Jan 09 08:25:01 +0000 2014","1","4. Motor listrik rusak. Mintalah bantuan bengkel dinamo untuk memperbaiki kerusakaan motor listrik tersebut. #ToyotaTips","421195894780743680","","","in","","0","0","0","https://x.com/undefined/status/421195894780743680","64310527",
"420943464079966208","Wed Jan 08 15:41:57 +0000 2014","0","Sebelum tidur harap periksa kembali pagar motor jendela pintu listrik kompor dll. Waspada pencurian &amp; kebakaran. Selamat beristirahat!","420943464079966208","","","in","","0","0","4","https://x.com/undefined/status/420943464079966208","445183062",
"419740300899549184","Sun Jan 05 08:01:00 +0000 2014","0","Mau bayar kode booking pesawat? Bayar listrik bahkan cicilan motor? Yuuk follow @alfamidi_ku utk info lebih lengkapnya!","419740300899549184","","","in","","0","0","0","https://x.com/undefined/status/419740300899549184","246879632",
"419030686897831936","Fri Jan 03 09:01:15 +0000 2014","5","Mau bayar kode booking pesawat? Bayar listrik bahkan cicilan motor? Yuuk follow @alfamidi_ku untuk info lebih lengkapnya.","419030686897831936","","","in","","0","0","9","https://x.com/undefined/status/419030686897831936","140051054",
"418964721308426240","Fri Jan 03 04:39:08 +0000 2014","0","Ini Dia Motor Listrik Terbaik 2013 http://t.co/ooKt9cp5az (HalloRiau)","418964721308426240","","","in","","0","0","1","https://x.com/undefined/status/418964721308426240","172425532",
"418730773571592192","Thu Jan 02 13:09:30 +0000 2014","3","Motor Listrik Terbaik Tahun 2013 http://t.co/9xgcpsY9nU via @detikoto","418730773571592192","","","in","","0","0","19","https://x.com/undefined/status/418730773571592192","69183155",
"418721592810565632","Thu Jan 02 12:33:01 +0000 2014","1","Motor Listrik Terbaik Tahun 2013 http://t.co/OANuNkQZtQ","418721592810565632","","","in","","0","0","6","https://x.com/undefined/status/418721592810565632","80543284",
"418607842363731969","Thu Jan 02 05:01:01 +0000 2014","0","Mau Bayar Listrik?Bayar Kode Booking Pesawat?Pesan Tiket Kereta Api?Bahkan mw bayar cicilan motor?Ke Alfamidi Lawson &amp; Alfaexpress aja :D","418607842363731969","","","in","","0","0","1","https://x.com/undefined/status/418607842363731969","289267785",
"417128256975159297","Sun Dec 29 03:01:40 +0000 2013","0","Mahasiswa D3 Teknik Mesin ITS menciptakan 2 sepeda motor ramah lingkungan yang berbahan bakar gas &amp; listrik. http://t.co/aA3SS0nbUZ #InfoSby","417128256975159297","","","in","","0","0","23","https://x.com/undefined/status/417128256975159297","100712680",
"416206478651842560","Thu Dec 26 13:58:51 +0000 2013","0","Bantu om LHI &gt; @asopfian: Ban motor gw kempes om minta di RT @fadjroeL: Bantu om LHI #eh @pln_123 RT @pkspiyungan: Listrik mati saudara2","416206478651842560","","","in","","0","0","0","https://x.com/undefined/status/416206478651842560","18158130",
"414071378799640577","Fri Dec 20 16:34:44 +0000 2013","0","Sebelum tidur harap periksa kembali pagar motor jendela pintu listrik kompor dll. Waspada pencurian &amp; kebakaran. Selamat beristirahat!","414071378799640577","","","in","","0","0","3","https://x.com/undefined/status/414071378799640577","445183062",
"413263189782966272","Wed Dec 18 11:03:17 +0000 2013","0","Pengemudi Innova Penabrak Gardu Listrik dan Motor Diduga Hilang Kendali http://t.co/xeEBNdIg4m","413263189782966272","","","in","","0","0","0","https://x.com/undefined/status/413263189782966272","154102750",
"413122018133823489","Wed Dec 18 01:42:19 +0000 2013","0","Mahasiswa ITS Ciptakan Sepeda Motor Gas dan Listrik http://t.co/f7tQU6J8OR","413122018133823489","","","in","","0","0","0","https://x.com/undefined/status/413122018133823489","306613537",
"412986949696122880","Tue Dec 17 16:45:36 +0000 2013","1","Innova Tabrak Gardu Listrik dan 3 Motor di Ciledug Raya http://t.co/K0jl7f5E21","412986949696122880","","","in","","0","1","8","https://x.com/undefined/status/412986949696122880","154102750",
"412978437863665664","Tue Dec 17 16:11:47 +0000 2013","0","Tribun Jakarta Sebelum Seruduk Pengendara Motor Innova Tabrak Gardu Listrik Hingga Mel... http://t.co/vXLSQuLdV7 http://t.co/GxdpCGgad9","412978437863665664","","","in","","0","0","0","https://x.com/undefined/status/412978437863665664","124171593",
"412971800323043328","Tue Dec 17 15:45:24 +0000 2013","0","Sebelum Seruduk Pengendara Motor Innova Tabrak Gardu Listrik Hingga Meledak - Tribun Jakarta http://t.co/mQ5cP6rir3 via @tribunnews","412971800323043328","","","in","","0","0","8","https://x.com/undefined/status/412971800323043328","124171593",
"412518727989485568","Mon Dec 16 09:45:03 +0000 2013","0","Mahasiswa ITS Ciptakan Sepeda Motor Gas dan Listrik http://t.co/f7tQU6J8OR","412518727989485568","","","in","","0","0","3","https://x.com/undefined/status/412518727989485568","306613537",
"412507568142319616","Mon Dec 16 09:00:42 +0000 2013","0","Mahasiswa ITS Ciptakan Sepeda Motor Gas dan Listrik http://t.co/ilocM1Lbab","412507568142319616","","","in","","0","0","4","https://x.com/undefined/status/412507568142319616","306613537",
"412395222404841473","Mon Dec 16 01:34:17 +0000 2013","0","Repotnya Daus Mini saat mengasuh anaknya serta kisah Daus Mini dengan motor listrik kesayanganya selengkapnya di SILET pkl 11.00 wib","412395222404841473","","","in","","0","3","9","https://x.com/undefined/status/412395222404841473","372106351",
"411873321291354112","Sat Dec 14 15:00:26 +0000 2013","0","Mahasiswa ITS Ciptakan Sepeda Motor Gas dan Listrik http://t.co/zGtQNOsa3X","411873321291354112","","","in","","0","1","8","https://x.com/undefined/status/411873321291354112","306613537",
"411782905237876736","Sat Dec 14 09:01:09 +0000 2013","0","Mahasiswa ITS Ciptakan Sepeda Motor Gas dan Listrik http://t.co/8wRssM51bz","411782905237876736","","","in","","0","0","6","https://x.com/undefined/status/411782905237876736","306613537",
"411675180734246912","Sat Dec 14 01:53:06 +0000 2013","0","Voxan Wattman - Jawara Motor Listrik Asal Perancis http://t.co/rMynulcpO2 via @TalkMen_com","411675180734246912","","","in","","0","0","0","https://x.com/undefined/status/411675180734246912","17588443",
"411616757808656384","Fri Dec 13 22:00:57 +0000 2013","0","New Post: Mahasiswa ITS Ciptakan Sepeda Motor Gas dan Listrik http://t.co/Gj5CvA65zA","411616757808656384","","","in","","0","0","2","https://x.com/undefined/status/411616757808656384","306613537",
"411483033993084928","Fri Dec 13 13:09:34 +0000 2013","0","#ITSnet Mahasiswa ITS Ciptakan Sepeda Motor Gas dan Listrik http://t.co/xoNUSH9SrX","411483033993084928","","","in","","0","0","3","https://x.com/undefined/status/411483033993084928","306613537",
"411481265515548672","Fri Dec 13 13:02:33 +0000 2013","0","Mahasiswa ITS Ciptakan Sepeda Motor Gas dan Listrik http://t.co/UjRFvOuYE1 #itsnet","411481265515548672","","","in","","0","0","5","https://x.com/undefined/status/411481265515548672","306613537",
"411480857732321280","Fri Dec 13 13:00:56 +0000 2013","0","Mahasiswa ITS Ciptakan Sepeda Motor Gas dan Listrik http://t.co/IYyaX9lVGF","411480857732321280","","","in","","0","0","6","https://x.com/undefined/status/411480857732321280","306613537",
"411425613397102592","Fri Dec 13 09:21:24 +0000 2013","0","Mahasiswa ITS menciptakan sepeda motor ramah lingkungan berbahan bakar gas dan listrik. http://t.co/dNHaipWc3W #InfoSby","411425613397102592","","","in","","0","1","19","https://x.com/undefined/status/411425613397102592","100712680",
"397753501301743616","Tue Nov 05 15:53:19 +0000 2013","0","Sebelum tidur harap periksa kembali pagar motor jendela pintu listrik kompor dll. Waspada pencurian &amp; kebakaran. Selamat beristirahat!","397753501301743616","","","in","","0","0","3","https://x.com/undefined/status/397753501301743616","445183062",
"396444324679782400","Sat Nov 02 01:11:07 +0000 2013","0","Ford Motor Tarik 2.618 Sedan Focus Tenaga Listrik http://t.co/aoPZwpyXzp","396444324679782400","","","in","","0","0","0","https://x.com/undefined/status/396444324679782400","118646322",
"395410346241835008","Wed Oct 30 04:42:27 +0000 2013","1","Pohon Tumbang Rusak Motor dan Putuskan Kabel Listrik http://t.co/MtNNwOWumq","395410346241835008","","","in","","0","0","6","https://x.com/undefined/status/395410346241835008","57261519",
"395211751286784000","Tue Oct 29 15:33:18 +0000 2013","0","Sebelum tidur harap periksa kembali pagar motor jendela pintu listrik kompor dll. Waspada pencurian &amp; kebakaran. Selamat beristirahat!","395211751286784000","","","in","","0","0","6","https://x.com/undefined/status/395211751286784000","445183062",
"394378120590942208","Sun Oct 27 08:20:45 +0000 2013","0","15.17: Kecelakaan pengendara motor menabrak tiang listrik di jln Latumeten Grogol dekat Season City korban meninggal dilokasi |(P.Yanto)","394378120590942208","","","in","","0","0","1","https://x.com/undefined/status/394378120590942208","121640063",
"393405614593818624","Thu Oct 24 15:56:22 +0000 2013","0","Sebelum tidur harap periksa kembali pagar motor jendela pintu listrik kompor dll. Waspada pencurian &amp; kebakaran. Selamat beristirahat!","393405614593818624","","","in","","0","0","7","https://x.com/undefined/status/393405614593818624","445183062",
"393229249123205120","Thu Oct 24 04:15:33 +0000 2013","0","2. Amati pula kondisi kaca saat naik turun. Jika lambat naik bisa jadi motor listrik pemutar engkol lemah. #DaihatsuTips","393229249123205120","","","in","","0","0","3","https://x.com/undefined/status/393229249123205120","86864472",
"392788418825965569","Tue Oct 22 23:03:51 +0000 2013","1","Motor Listrik ini Mampu Dipacu hingga 240 Km/Jam http://t.co/SQu1mYvLGE","392788418825965569","","","in","","0","3","21","https://x.com/undefined/status/392788418825965569","57261519",
"392674786209316864","Tue Oct 22 15:32:19 +0000 2013","0","Sebelum tidur harap periksa kembali pagar motor jendela pintu listrik kompor dll. Waspada pencurian &amp; kebakaran. Selamat beristirahat!","392674786209316864","","","in","","0","0","1","https://x.com/undefined/status/392674786209316864","445183062",
"392218711844593664","Mon Oct 21 09:20:02 +0000 2013","0","Ngebut naik motor pelajar tabrak tiang listrik sampai tewas http://t.co/P0bMMlliHI #Peristiwa","392218711844593664","","","in","","0","0","0","https://x.com/undefined/status/392218711844593664","456426648",
"391778636572786689","Sun Oct 20 04:11:20 +0000 2013","0","#EkspedisiSabangMerauke: Tidak ada polusi udara dan suara di Agats karena hanya ada sepeda motor listrik. #Agats","391778636572786689","","","in","","0","0","2","https://x.com/undefined/status/391778636572786689","255866913",
"391755644778196993","Sun Oct 20 02:39:58 +0000 2013","0","#EkspedisiSabangMerauke: Keberadaan sepeda motor listrik baru sekitar 2 tahun yang lalu. #Agats","391755644778196993","","","in","","0","0","3","https://x.com/undefined/status/391755644778196993","255866913",
"391751352583348224","Sun Oct 20 02:22:55 +0000 2013","1","#EkspedisiSabangMerauke: Keberadaan sepeda motor listrik di Agats Kabupaten Asmat baru sekitar 2 tahun yang lalu. #Agats","391751352583348224","","","in","","0","1","0","https://x.com/undefined/status/391751352583348224","255866913",
"391719251301498881","Sun Oct 20 00:15:21 +0000 2013","0","#EkspedisiSabangMerauke : Untuk aktivitas bepergian warga Asmat menggunakan sepeda dan motor listrik. #Asmat","391719251301498881","","","in","","0","0","3","https://x.com/undefined/status/391719251301498881","255866913",
"390446846784454656","Wed Oct 16 11:59:17 +0000 2013","0","Motor Listrik yang Lebih Murah dari Harley Davidson http://t.co/K7YGwbHbEl","390446846784454656","","","in","","0","0","3","https://x.com/undefined/status/390446846784454656","36904795",
"389402383077216256","Sun Oct 13 14:48:57 +0000 2013","1","Sebelum tidur harap periksa kembali pagar motor jendela pintu listrik kompor dll. Waspada pencurian &amp; kebakaran. Selamat beristirahat!","389402383077216256","","","in","","0","0","8","https://x.com/undefined/status/389402383077216256","445183062",
"388684112648601600","Fri Oct 11 15:14:48 +0000 2013","0","Sebelum tidur harap periksa kembali pagar motor jendela pintu listrik kompor dll. Waspada pencurian &amp; kebakaran. Selamat beristirahat!","388684112648601600","","","in","","0","0","7","https://x.com/undefined/status/388684112648601600","445183062",
"388551594041540608","Fri Oct 11 06:28:13 +0000 2013","2","Ini 3 Model Motor Listrik Trail Terbaru http://t.co/n1vhxUuml0 via @detikoto","388551594041540608","","","in","","0","0","16","https://x.com/undefined/status/388551594041540608","69183155",
"388548252087222272","Fri Oct 11 06:14:56 +0000 2013","1","Ini 3 Model Motor Listrik Trail Terbaru http://t.co/Mpcm33orD6","388548252087222272","","","in","","0","0","0","https://x.com/undefined/status/388548252087222272","80543284",
"388343217826963456","Thu Oct 10 16:40:12 +0000 2013","0","Kepolisian Los Angeles sedang menguji coba motor listrik untuk motor operasional mereka. Seperti apa? http://t.co/K7YGwbHbEl","388343217826963456","","","in","","0","0","2","https://x.com/undefined/status/388343217826963456","36904795",
"388238449276239872","Thu Oct 10 09:43:54 +0000 2013","0","Los Angeles Police Department (LAPD) sedang menguji coba dua tipe sepeda motor listrik. http://t.co/K7YGwbHbEl","388238449276239872","","","in","","0","0","1","https://x.com/undefined/status/388238449276239872","36904795",
"388162019267854336","Thu Oct 10 04:40:11 +0000 2013","1","Motor listrik yg lebih murah daripada Harley Davidson? Cara baru berkendara Hijau http://t.co/K7YGwbHbEl","388162019267854336","","","in","","0","1","6","https://x.com/undefined/status/388162019267854336","36904795",
"387608414945148928","Tue Oct 08 16:00:22 +0000 2013","0","Sebelum tidur harap periksa kembali pagar motor jendela pintu listrik kompor dll. Waspada pencurian &amp; kebakaran. Selamat beristirahat!","387608414945148928","","","in","","0","0","5","https://x.com/undefined/status/387608414945148928","445183062",
"387241743805976576","Mon Oct 07 15:43:20 +0000 2013","0","Sebelum tidur harap periksa kembali pagar motor jendela pintu listrik kompor dll. Waspada pencurian &amp; kebakaran. Selamat beristirahat!","387241743805976576","","","in","","0","2","7","https://x.com/undefined/status/387241743805976576","445183062",
"387119474932850688","Mon Oct 07 07:37:29 +0000 2013","2","Ini Motor Listrik Pengaman APEC 2013 http://t.co/deqCe7MZ69","387119474932850688","","","in","","0","1","11","https://x.com/undefined/status/387119474932850688","57261519",
"387110251503169536","Mon Oct 07 07:00:50 +0000 2013","0","METRO TV NEWS | LIPSUS APEC 2013 - Ini Motor Listrik Pengaman APEC 2013 http://t.co/EYJBjD0p37","387110251503169536","","","in","","0","0","1","https://x.com/undefined/status/387110251503169536","57261519",
"386877207680782336","Sun Oct 06 15:34:48 +0000 2013","0","Sebelum tidur harap periksa kembali pagar motor jendela pintu listrik kompor dll. Waspada pencurian &amp; kebakaran. Selamat beristirahat!","386877207680782336","","","in","","0","0","12","https://x.com/undefined/status/386877207680782336","445183062",
"385829090105651200","Thu Oct 03 18:09:58 +0000 2013","0","Sebelum tidur harap periksa kembali pagar motor jendela pintu listrik kompor dll. Waspada pencurian &amp; kebakaran. Selamat beristirahat!","385829090105651200","","","in","","0","0","4","https://x.com/undefined/status/385829090105651200","445183062",
"385062120963837952","Tue Oct 01 15:22:18 +0000 2013","0","disini ada listrik sinyal 3G+ toko setara indomaret ada amoy pulau babi motor tanpa helm 3 mobil taman wifi jembatan cinta dll :)))","385062120963837952","","","in","","0","0","2","https://x.com/undefined/status/385062120963837952","46058909",
"385040848024399872","Tue Oct 01 13:57:46 +0000 2013","0","Sebelum tidur harap periksa kembali pagar motor jendela pintu listrik kompor dll. Waspada pencurian &amp; kebakaran. Selamat beristirahat!","385040848024399872","","","in","","0","0","5","https://x.com/undefined/status/385040848024399872","445183062",
"384350998006755328","Sun Sep 29 16:16:33 +0000 2013","0","Sebelum tidur harap periksa kembali pagar motor jendela pintu listrik kompor dll. Waspada pencurian &amp; kebakaran. Selamat beristirahat!","384350998006755328","","","in","","0","0","3","https://x.com/undefined/status/384350998006755328","445183062",
"384190313750745088","Sun Sep 29 05:38:03 +0000 2013","1","Siang LOLs.. Udah pada gajian? Jangan lupa bayar kontrakan listrik air cicilan motor pulsa utang sm bon di warteg.","384190313750745088","","","in","","0","13","22","https://x.com/undefined/status/384190313750745088","191798619",
"382536004055216128","Tue Sep 24 16:04:25 +0000 2013","0","Sebelum tidur harap periksa kembali pagar motor jendela pintu listrik kompor dll. Waspada pencurian &amp; kebakaran. Selamat beristirahat!","382536004055216128","","","in","","0","0","1","https://x.com/undefined/status/382536004055216128","445183062",
"381800605376716800","Sun Sep 22 15:22:12 +0000 2013","0","Sebelum tidur harap periksa kembali pagar motor jendela pintu listrik kompor dll. Waspada pencurian &amp; kebakaran. Selamat beristirahat!","381800605376716800","","","in","","0","0","4","https://x.com/undefined/status/381800605376716800","445183062",
"381418699581698048","Sat Sep 21 14:04:39 +0000 2013","0","21.04: Pohon tumbang menimpa kabel listrik di Rt01/Rw06 Ds Jampang Kec Kemang Kab Bogor Jabar belakang showroom motor Yamaha | (P. Iwan)","381418699581698048","","","in","","0","0","0","https://x.com/undefined/status/381418699581698048","121640063",
"380364461036429313","Wed Sep 18 16:15:29 +0000 2013","0","Sebelum tidur harap periksa kembali pagar motor jendela pintu listrik kompor dll. Waspada pencurian &amp; kebakaran. Selamat beristirahat!","380364461036429313","","","in","","0","2","1","https://x.com/undefined/status/380364461036429313","445183062",
"379652823211732992","Mon Sep 16 17:07:41 +0000 2013","0","Sebelum tidur harap periksa kembali pagar motor jendela pintu listrik kompor dll. Waspada pencurian &amp; kebakaran. Selamat beristirahat!","379652823211732992","","","in","","0","0","1","https://x.com/undefined/status/379652823211732992","445183062",
"379297545739964416","Sun Sep 15 17:35:56 +0000 2013","0","Sebelum tidur harap periksa kembali pagar motor jendela pintu listrik kompor dll. Waspada pencurian &amp; kebakaran. Selamat beristirahat!","379297545739964416","","","in","","0","0","3","https://x.com/undefined/status/379297545739964416","445183062",
"378530571661496320","Fri Sep 13 14:48:15 +0000 2013","0","Sebelum tidur harap periksa kembali pagar motor jendela pintu listrik kompor dll. Waspada pencurian &amp; kebakaran. Selamat beristirahat!","378530571661496320","","","in","","0","0","7","https://x.com/undefined/status/378530571661496320","445183062",
"378415315971235840","Fri Sep 13 07:10:16 +0000 2013","1","2. Hindari banjir. Motor listrik dipasang langsung pada as setir bisa rusak jika terendam air.","378415315971235840","","","in","","0","0","4","https://x.com/undefined/status/378415315971235840","86864472",
"378162211589349377","Thu Sep 12 14:24:31 +0000 2013","0","FOTO: Mobil Listrik yang Hadir di Frankfurt Motor Show http://t.co/FWJOg1NR3S","378162211589349377","","","de","","0","1","0","https://x.com/undefined/status/378162211589349377","18129942",
"377093017624006656","Mon Sep 09 15:35:56 +0000 2013","0","Sebelum tidur harap periksa kembali pagar motor jendela pintu listrik kompor dll. Waspada pencurian &amp; kebakaran. Selamat beristirahat!","377093017624006656","","","in","","0","0","4","https://x.com/undefined/status/377093017624006656","445183062",
"375653527940395009","Thu Sep 05 16:15:55 +0000 2013","0","Sebelum tidur harap periksa kembali pagar motor jendela pintu listrik kompor dll. Waspada pencurian &amp; kebakaran. Selamat beristirahat!","375653527940395009","","","in","","0","0","3","https://x.com/undefined/status/375653527940395009","445183062",
"375634413821775872","Thu Sep 05 14:59:57 +0000 2013","0","[Tanya] beli motor sepeda (sepeda listrik) dimana ya di Pekanbaru. Makasih. - @ikarrd","375634413821775872","","","in","","0","2","0","https://x.com/undefined/status/375634413821775872","168590064",
"375278474610483200","Wed Sep 04 15:25:35 +0000 2013","0","22.23: Macet imbas Pengendara spd motor menabrak tiang listrik di TL Kelapa Dua Jl. Raya Panjang dari arah Permata Hijau ke Joglo Jakbar.","375278474610483200","","","in","","0","1","0","https://x.com/undefined/status/375278474610483200","121640063",
"375268814302113792","Wed Sep 04 14:47:12 +0000 2013","0","21.46: Pengendara spd motor menabrak tiang listrik di TL Kelapa Dua Jl. Raya Panjang dari arah Permata Hijau ke Joglo Jakbar (P. Gufron)","375268814302113792","","","in","","0","0","1","https://x.com/undefined/status/375268814302113792","121640063",
"375123527373828096","Wed Sep 04 05:09:53 +0000 2013","4","Harley Ingin Motor Kecil dan Motor Listrik http://t.co/9Dv5gk9HN0 via @detikoto","375123527373828096","","","in","","0","0","13","https://x.com/undefined/status/375123527373828096","69183155",
"375114834984972288","Wed Sep 04 04:35:20 +0000 2013","1","Harley Ingin Motor Kecil dan Motor Listrik http://t.co/EMCIbfbFvV","375114834984972288","","","in","","0","0","2","https://x.com/undefined/status/375114834984972288","80543284",
"375111248855040000","Wed Sep 04 04:21:05 +0000 2013","0","Syarat mudah proses cepat. Cukup KTP KK dan Rek Listrik sudah bisa bawa motor Yamaha. Ayoo ke @rapak_motor KM 01","375111248855040000","","","in","","0","0","0","https://x.com/undefined/status/375111248855040000","389557442",
"374929201175883776","Tue Sep 03 16:17:42 +0000 2013","1","Sebelum tidur harap periksa kembali pagar motor jendela pintu listrik kompor dll. Waspada pencurian &amp; kebakaran. Selamat beristirahat!","374929201175883776","","","in","","0","1","4","https://x.com/undefined/status/374929201175883776","445183062",
"374861274988830720","Tue Sep 03 11:47:47 +0000 2013","0","Harley Davidson Motor Listrik Akan Segera Hadir http://t.co/0VMGIG4JJb","374861274988830720","","","in","","0","0","1","https://x.com/undefined/status/374861274988830720","17588443",
"374748748477235200","Tue Sep 03 04:20:38 +0000 2013","0","Syarat mudah proses cepat. Cukup KTP KK dan Rek Listrik sudah bisa bawa motor Yamaha. Ayoo ke @rapak_motor KM 01","374748748477235200","","","in","","0","0","0","https://x.com/undefined/status/374748748477235200","389557442",
"374701810549653504","Tue Sep 03 01:14:07 +0000 2013","0","PERANCANGAN MEKANIK MESIN POLES UNTUK PROSES METALOGRAFI BAHAN MENGGUNAKAN MOTOR LISTRIK http://t.co/rGh4bzFDpF","374701810549653504","","","in","","0","0","3","https://x.com/undefined/status/374701810549653504","306613537",
"374024096306438145","Sun Sep 01 04:21:08 +0000 2013","1","Syarat mudah proses cepat. Cukup KTP KK dan Rek Listrik sudah bisa bawa motor Yamaha. Ayoo ke @rapak_motor KM 01","374024096306438145","","","in","","0","0","0","https://x.com/undefined/status/374024096306438145","389557442",
"373661596158922754","Sat Aug 31 04:20:41 +0000 2013","0","Syarat mudah proses cepat. Cukup KTP KK dan Rek Listrik sudah bisa bawa motor Yamaha. Ayoo ke @rapak_motor KM 01","373661596158922754","","","in","","0","0","0","https://x.com/undefined/status/373661596158922754","389557442",
"373299145286496256","Fri Aug 30 04:20:26 +0000 2013","0","Syarat mudah proses cepat. Cukup KTP KK dan Rek Listrik sudah bisa bawa motor Yamaha. Ayoo ke @rapak_motor KM 01","373299145286496256","","","in","","0","1","0","https://x.com/undefined/status/373299145286496256","389557442",
"372936910693343233","Thu Aug 29 04:21:03 +0000 2013","0","Syarat mudah proses cepat. Cukup KTP KK dan Rek Listrik sudah bisa bawa motor Yamaha. Ayoo ke @rapak_motor KM 01","372936910693343233","","","in","","0","0","0","https://x.com/undefined/status/372936910693343233","389557442",
"372574440476778496","Wed Aug 28 04:20:43 +0000 2013","0","Syarat mudah proses cepat. Cukup KTP KK dan Rek Listrik sudah bisa bawa motor Yamaha. Ayoo ke @rapak_motor KM 01","372574440476778496","","","in","","0","0","0","https://x.com/undefined/status/372574440476778496","389557442",
"372211987653984256","Tue Aug 27 04:20:27 +0000 2013","0","Syarat mudah proses cepat. Cukup KTP KK dan Rek Listrik sudah bisa bawa motor Yamaha. Ayoo ke @rapak_motor KM 01","372211987653984256","","","in","","0","0","0","https://x.com/undefined/status/372211987653984256","389557442",
"372027162653511680","Mon Aug 26 16:06:02 +0000 2013","0","Sebelum tidur harap periksa kembali pagar motor jendela pintu listrik kompor dll. Waspada pencurian &amp; kebakaran. Selamat beristirahat!","372027162653511680","","","in","","0","0","2","https://x.com/undefined/status/372027162653511680","445183062",
"371849624983584768","Mon Aug 26 04:20:33 +0000 2013","0","Syarat mudah proses cepat. Cukup KTP KK dan Rek Listrik sudah bisa bawa motor Yamaha. Ayoo ke @rapak_motor KM 01","371849624983584768","","","in","","0","0","0","https://x.com/undefined/status/371849624983584768","389557442",
"371487321549320192","Sun Aug 25 04:20:54 +0000 2013","0","Syarat mudah proses cepat. Cukup KTP KK dan Rek Listrik sudah bisa bawa motor Yamaha. Ayoo ke @rapak_motor KM 01","371487321549320192","","","in","","0","0","0","https://x.com/undefined/status/371487321549320192","389557442",
"371124848228978689","Sat Aug 24 04:20:33 +0000 2013","0","Syarat mudah proses cepat. Cukup KTP KK dan Rek Listrik sudah bisa bawa motor Yamaha. Ayoo ke @rapak_motor KM 01","371124848228978689","","","in","","0","0","1","https://x.com/undefined/status/371124848228978689","389557442",
"370762361268752384","Fri Aug 23 04:20:10 +0000 2013","0","Syarat mudah proses cepat. Cukup KTP KK dan Rek Listrik sudah bisa bawa motor Yamaha. Ayoo ke @rapak_motor KM 01","370762361268752384","","","in","","0","0","0","https://x.com/undefined/status/370762361268752384","389557442",
"370576832472416256","Thu Aug 22 16:02:56 +0000 2013","0","Sebelum tidur harap periksa kembali pagar motor jendela pintu listrik kompor dll. Waspada pencurian &amp; kebakaran. Selamat beristirahat!","370576832472416256","","","in","","0","1","3","https://x.com/undefined/status/370576832472416256","445183062",
"370400130022653952","Thu Aug 22 04:20:47 +0000 2013","0","Syarat mudah proses cepat. Cukup KTP KK dan Rek Listrik sudah bisa bawa motor Yamaha. Ayoo ke @rapak_motor KM 01","370400130022653952","","","in","","0","0","0","https://x.com/undefined/status/370400130022653952","389557442",
"370227897648177152","Wed Aug 21 16:56:23 +0000 2013","0","Sebelum tidur harap periksa kembali pagar motor jendela pintu listrik kompor dll. Waspada pencurian &amp; kebakaran. Selamat beristirahat!","370227897648177152","","","in","","0","0","5","https://x.com/undefined/status/370227897648177152","445183062",
"370037668299563008","Wed Aug 21 04:20:29 +0000 2013","0","Syarat mudah proses cepat. Cukup KTP KK dan Rek Listrik sudah bisa bawa motor Yamaha. Ayoo ke @rapak_motor KM 01","370037668299563008","","","in","","0","0","0","https://x.com/undefined/status/370037668299563008","389557442",
"370030920943685632","Wed Aug 21 03:53:41 +0000 2013","0","Kapal Terbakar - Kapal Motor Meledak 3 ABK Luka Bakar: Diduga akibat korsleting listrik dibagian mesin sebua... http://t.co/A4FuNqoZ6W","370030920943685632","","","in","","0","0","0","https://x.com/undefined/status/370030920943685632","351999221",
"369854628969451521","Tue Aug 20 16:13:09 +0000 2013","0","Sebelum tidur harap periksa kembali pagar motor jendela pintu listrik kompor dll. Waspada pencurian &amp; kebakaran. Selamat beristirahat!","369854628969451521","","","in","","0","0","5","https://x.com/undefined/status/369854628969451521","445183062",
"369675209839616000","Tue Aug 20 04:20:12 +0000 2013","0","Syarat mudah proses cepat. Cukup KTP KK dan Rek Listrik sudah bisa bawa motor Yamaha. Ayoo ke @rapak_motor KM 01","369675209839616000","","","in","","0","0","0","https://x.com/undefined/status/369675209839616000","389557442",
"369312980439035905","Mon Aug 19 04:20:50 +0000 2013","0","Syarat mudah proses cepat. Cukup KTP KK dan Rek Listrik sudah bisa bawa motor Yamaha. Ayoo ke @rapak_motor KM 01","369312980439035905","","","in","","0","0","0","https://x.com/undefined/status/369312980439035905","389557442",
"368950516602003458","Sun Aug 18 04:20:32 +0000 2013","0","Syarat mudah proses cepat. Cukup KTP KK dan Rek Listrik sudah bisa bawa motor Yamaha. Ayoo ke @rapak_motor KM 01","368950516602003458","","","in","","0","1","0","https://x.com/undefined/status/368950516602003458","389557442",
"368588764798406656","Sat Aug 17 04:23:04 +0000 2013","0","Bikin Motor Listrik Polinema Hanya Butuh 6 Bulan http://t.co/oZXGliUF0M","368588764798406656","","","in","","0","0","0","https://x.com/undefined/status/368588764798406656","157223980",
"368588087355379713","Sat Aug 17 04:20:22 +0000 2013","0","Syarat mudah proses cepat. Cukup KTP KK dan Rek Listrik sudah bisa bawa motor Yamaha. Ayoo ke @rapak_motor KM 01","368588087355379713","","","in","","0","0","0","https://x.com/undefined/status/368588087355379713","389557442",
"368225824941424641","Fri Aug 16 04:20:52 +0000 2013","0","Syarat mudah proses cepat. Cukup KTP KK dan Rek Listrik sudah bisa bawa motor Yamaha. Ayoo ke @rapak_motor KM 01","368225824941424641","","","in","","0","0","0","https://x.com/undefined/status/368225824941424641","389557442",
"368060312408174592","Thu Aug 15 17:23:11 +0000 2013","0","Sebelum tidur harap periksa kembali pagar motor jendela pintu listrik kompor dll. Waspada pencurian &amp; kebakaran. Selamat beristirahat!","368060312408174592","","","in","","0","0","4","https://x.com/undefined/status/368060312408174592","445183062",
"367863360433291264","Thu Aug 15 04:20:34 +0000 2013","0","Syarat mudah proses cepat. Cukup KTP KK dan Rek Listrik sudah bisa bawa motor Yamaha. Ayoo ke @rapak_motor KM 01","367863360433291264","","","in","","0","1","0","https://x.com/undefined/status/367863360433291264","389557442",
"367700571425210368","Wed Aug 14 17:33:42 +0000 2013","0","#LowonganKerja ENGINEER - UNIVERSITAS GAJAH MADAMOLINA (MOTOR LISTRIK NASIONAL UGM): Salary: Neg... http://t.co/U1MGcrsDEU | Engineering","367700571425210368","","","in","","0","0","2","https://x.com/undefined/status/367700571425210368","69550245",
"367664243266433025","Wed Aug 14 15:09:21 +0000 2013","0","Chevrolet Volt Turun Harga: Pada Januari Nissan Motor Co. mengurangi harga kendaraan listrik Leaf dengan poto... http://t.co/oBviYowjdg","367664243266433025","","","in","","0","0","0","https://x.com/undefined/status/367664243266433025","70139265",
"367500890590027777","Wed Aug 14 04:20:14 +0000 2013","0","Syarat mudah proses cepat. Cukup KTP KK dan Rek Listrik sudah bisa bawa motor Yamaha. Ayoo ke @rapak_motor KM 01","367500890590027777","","","in","","0","0","0","https://x.com/undefined/status/367500890590027777","389557442",
"367138670895054848","Tue Aug 13 04:20:54 +0000 2013","0","Syarat mudah proses cepat. Cukup KTP KK dan Rek Listrik sudah bisa bawa motor Yamaha. Ayoo ke @rapak_motor KM 01","367138670895054848","","","in","","0","0","0","https://x.com/undefined/status/367138670895054848","389557442",
"366950137521639425","Mon Aug 12 15:51:45 +0000 2013","0","Sebelum tidur harap periksa kembali pagar motor jendela pintu listrik kompor dll. Waspada pencurian &amp; kebakaran. Selamat beristirahat!","366950137521639425","","","in","","0","0","10","https://x.com/undefined/status/366950137521639425","445183062",
"366890959935504384","Mon Aug 12 11:56:36 +0000 2013","0","#LowonganKerja ENGINEER - UNIVERSITAS GAJAH MADAMOLINA (MOTOR LISTRIK NASIONAL UGM): Salary: Neg... http://t.co/J1xZnYXUxn | Engineering","366890959935504384","","","in","","0","0","3","https://x.com/undefined/status/366890959935504384","69550245",
"366776219439611905","Mon Aug 12 04:20:39 +0000 2013","0","Syarat mudah proses cepat. Cukup KTP KK dan Rek Listrik sudah bisa bawa motor Yamaha. Ayoo ke @rapak_motor KM 01","366776219439611905","","","in","","0","0","0","https://x.com/undefined/status/366776219439611905","389557442",
"366413774409826304","Sun Aug 11 04:20:26 +0000 2013","0","Syarat mudah proses cepat. Cukup KTP KK dan Rek Listrik sudah bisa bawa motor Yamaha. Ayoo ke @rapak_motor KM 01","366413774409826304","","","in","","0","0","0","https://x.com/undefined/status/366413774409826304","389557442",
"366051542345842688","Sat Aug 10 04:21:03 +0000 2013","0","Syarat mudah proses cepat. Cukup KTP KK dan Rek Listrik sudah bisa bawa motor Yamaha. Ayoo ke @rapak_motor KM 01","366051542345842688","","","in","","0","0","0","https://x.com/undefined/status/366051542345842688","389557442",
"365689047789748230","Fri Aug 09 04:20:37 +0000 2013","0","Syarat mudah proses cepat. Cukup KTP KK dan Rek Listrik sudah bisa bawa motor Yamaha. Ayoo ke @rapak_motor KM 01","365689047789748230","","","in","","0","0","0","https://x.com/undefined/status/365689047789748230","389557442",
"365326591418564608","Thu Aug 08 04:20:21 +0000 2013","0","Syarat mudah proses cepat. Cukup KTP KK dan Rek Listrik sudah bisa bawa motor Yamaha. Ayoo ke @rapak_motor KM 01","365326591418564608","","","in","","0","0","0","https://x.com/undefined/status/365326591418564608","389557442",
"364964377180381185","Wed Aug 07 04:21:02 +0000 2013","0","Syarat mudah proses cepat. Cukup KTP KK dan Rek Listrik sudah bisa bawa motor Yamaha. Ayoo ke @rapak_motor KM 01","364964377180381185","","","in","","0","0","0","https://x.com/undefined/status/364964377180381185","389557442",
"364601954925686785","Tue Aug 06 04:20:54 +0000 2013","0","Syarat mudah proses cepat. Cukup KTP KK dan Rek Listrik sudah bisa bawa motor Yamaha. Ayoo ke @rapak_motor KM 01","364601954925686785","","","in","","0","0","1","https://x.com/undefined/status/364601954925686785","389557442",
"364308138159124480","Mon Aug 05 08:53:23 +0000 2013","0","Ngantuk Pengendara Motor Tewas Tabrak Tiang Listrik http://t.co/vR0rj896sW","364308138159124480","","","in","","0","0","1","https://x.com/undefined/status/364308138159124480","223476605",
"364239557153140737","Mon Aug 05 04:20:52 +0000 2013","0","Syarat mudah proses cepat. Cukup KTP KK dan Rek Listrik sudah bisa bawa motor Yamaha. Ayoo ke @rapak_motor KM 01","364239557153140737","","","in","","0","0","0","https://x.com/undefined/status/364239557153140737","389557442",
"364050759546974209","Sun Aug 04 15:50:39 +0000 2013","0","Sebelum tidur harap periksa kembali pagar motor jendela pintu listrik kompor dll. Waspada pencurian &amp; kebakaran menjelang lebaran.","364050759546974209","","","in","","0","0","5","https://x.com/undefined/status/364050759546974209","445183062",
"363877100299620353","Sun Aug 04 04:20:35 +0000 2013","0","Syarat mudah proses cepat. Cukup KTP KK dan Rek Listrik sudah bisa bawa motor Yamaha. Ayoo ke @rapak_motor KM 01","363877100299620353","","","in","","0","0","0","https://x.com/undefined/status/363877100299620353","389557442",
"363514615142952960","Sat Aug 03 04:20:12 +0000 2013","0","Syarat mudah proses cepat. Cukup KTP KK dan Rek Listrik sudah bisa bawa motor Yamaha. Ayoo ke @rapak_motor KM 01","363514615142952960","","","in","","0","0","0","https://x.com/undefined/status/363514615142952960","389557442",
"363301086645334017","Fri Aug 02 14:11:43 +0000 2013","0","Sebelum guringan periksai pulang pagar motor jendela lawang listrik kompor dll. Waspada pencurian &amp; kebakaran buhannya.","363301086645334017","","","in","","0","1","7","https://x.com/undefined/status/363301086645334017","445183062",
"362271893719494656","Tue Jul 30 18:02:04 +0000 2013","0","Sebelum tidur harap periksa kembali pagar motor jendela pintu listrik kompor dll. Waspada pencurian &amp; kebakaran. Selamat beristirahat!","362271893719494656","","","in","","0","0","2","https://x.com/undefined/status/362271893719494656","445183062",
"361707368121253890","Mon Jul 29 04:38:51 +0000 2013","0","TDR Kenalkan Motor Sport Listrik Berkecepatan Tinggi http://t.co/M7F5dZeja4","361707368121253890","","","in","","0","0","3","https://x.com/undefined/status/361707368121253890","223476605",
"361438365570187265","Sun Jul 28 10:49:56 +0000 2013","0","Sepeda Motor Listrik TDR-Zero Dijual Rp 150 Juta http://t.co/5WSek3E6hm","361438365570187265","","","in","","0","0","2","https://x.com/undefined/status/361438365570187265","17588443",
"361417793847050240","Sun Jul 28 09:28:11 +0000 2013","0","Sepeda Motor Listrik TDR Ikut KTT APEC 2013 http://t.co/qSOQN6EHCG","361417793847050240","","","in","","0","1","3","https://x.com/undefined/status/361417793847050240","17588443",
"358836995277070338","Sun Jul 21 06:33:01 +0000 2013","0","#TakonKas RT @malingpitik: ada yang tau toko sepeda listrik atau motor trail anak di mana ya??","358836995277070338","","","in","","0","0","0","https://x.com/undefined/status/358836995277070338","180652518",
"358815252290355201","Sun Jul 21 05:06:37 +0000 2013","1","Motor Listrik Panel Surya Ramah Lingkungan http://t.co/o9CmUUuiJU","358815252290355201","","","in","","0","0","2","https://x.com/undefined/status/358815252290355201","115936810",
"351317084887719936","Sun Jun 30 12:31:34 +0000 2013","0","http://t.co/xygXihkFcd Zero MMX Motor Trail Bertenaga Listrik Untuk Pasukan Khusus","351317084887719936","","","in","","0","0","5","https://x.com/undefined/status/351317084887719936","106038219",
"350976600705220609","Sat Jun 29 13:58:37 +0000 2013","0","Biasakan sebelum tidur periksa dulu pagar motor jendela pintu listrik kompor dll. Waspada pencurian &amp; kebakaran.","350976600705220609","","","in","","0","1","4","https://x.com/undefined/status/350976600705220609","445183062",
"350422852341743616","Fri Jun 28 01:18:13 +0000 2013","2","Wah Polisi Kolombia Sudah Mulai Pakai Motor Listrik http://t.co/dTJAbB0Key via @detikoto","350422852341743616","","","in","","0","6","25","https://x.com/undefined/status/350422852341743616","69183155",
"350422328338956290","Fri Jun 28 01:16:08 +0000 2013","1","Wah Polisi Kolombia Sudah Mulai Pakai Motor Listrik http://t.co/weJktzYw50","350422328338956290","","","in","","0","1","3","https://x.com/undefined/status/350422328338956290","80543284",
"349557944372838401","Tue Jun 25 16:01:23 +0000 2013","0","Sebelum tidur harap periksa kembali pagar motor jendela pintu listrik kompor dll. Waspada pencurian &amp; kebakaran. Selamat beristirahat!","349557944372838401","","","in","","0","0","5","https://x.com/undefined/status/349557944372838401","445183062",
"349167011487694849","Mon Jun 24 14:07:57 +0000 2013","0","Sebelum tidur harap periksa kembali pagar motor jendela pintu listrik kompor dll. Selamat beristirahat. Tetap waspada pencurian &amp; kebakaran!","349167011487694849","","","in","","0","1","7","https://x.com/undefined/status/349167011487694849","445183062",
"348111098525929472","Fri Jun 21 16:12:08 +0000 2013","0","Sebelum tidur harap periksa kembali pagar motor jendela pintu listrik kompor dll. Waspada pencurian &amp; kebakaran. Selamat tidur buhannya.","348111098525929472","","","in","","0","0","1","https://x.com/undefined/status/348111098525929472","445183062",
"347963468948840449","Fri Jun 21 06:25:30 +0000 2013","0","Mission Rs Sepeda Motor Listrik Tercepat Dunia http://t.co/qbBIUo1YAW","347963468948840449","","","in","","0","0","1","https://x.com/undefined/status/347963468948840449","17588443",
"347877367210971136","Fri Jun 21 00:43:22 +0000 2013","0","Otomotif - Mission RS Sepeda Motor Listrik Tercepat Dunia http://t.co/U3ajuS03dt","347877367210971136","","","in","","0","0","2","https://x.com/undefined/status/347877367210971136","88352716",
"347845627847270401","Thu Jun 20 22:37:14 +0000 2013","0","Mission RS Sepeda Motor Listrik Tercepat Dunia http://t.co/cd9rmHs7rJ","347845627847270401","","","in","","0","0","0","https://x.com/undefined/status/347845627847270401","18129942",
"347723509830656002","Thu Jun 20 14:31:59 +0000 2013","0","Seperti biasa sebelum tidur harap cek kembali pagar motor jendela pintu listrik kompor dll. Waspada pencurian &amp; kebakaran buhannya.","347723509830656002","","","in","","0","2","5","https://x.com/undefined/status/347723509830656002","445183062",
"347566787979771904","Thu Jun 20 04:09:14 +0000 2013","0","Motor Listrik Ini Tahan Berlari Selama 84 5 Jam http://t.co/p137F0gFmv","347566787979771904","","","in","","0","0","1","https://x.com/undefined/status/347566787979771904","17588443",
"347564582694420481","Thu Jun 20 04:00:28 +0000 2013","4","Motor Listrik Ini Tahan Berlari Selama 84 5 Jam http://t.co/vXgAE2Ldao via @detikoto","347564582694420481","","","in","","0","1","29","https://x.com/undefined/status/347564582694420481","69183155",
"347564550553497600","Thu Jun 20 04:00:20 +0000 2013","0","Motor Listrik Ini Tahan Berlari Selama 84 5 Jam http://t.co/VorAoJD0qj","347564550553497600","","","in","","0","0","4","https://x.com/undefined/status/347564550553497600","80543284",
"347538845392314369","Thu Jun 20 02:18:12 +0000 2013","1","Motor Listrik Masih Butuh 20 Tahun Agar Bisa Bersaing http://t.co/Zi3HEIE0VD via @detikoto","347538845392314369","","","in","","0","1","27","https://x.com/undefined/status/347538845392314369","69183155",
"347538324761751552","Thu Jun 20 02:16:08 +0000 2013","0","Motor Listrik Masih Butuh 20 Tahun Agar Bisa Bersaing http://t.co/Bkzeczxbrf","347538324761751552","","","in","","0","0","3","https://x.com/undefined/status/347538324761751552","80543284",
"347360524666802176","Wed Jun 19 14:29:37 +0000 2013","0","Sebelum tidur harap periksa kembali pagar motor jendela pintu listrik kompor dll. Waspada pencurian &amp; kebakaran. Selamat beristirahat!","347360524666802176","","","in","","0","0","3","https://x.com/undefined/status/347360524666802176","445183062",
"346266459837706241","Sun Jun 16 14:02:12 +0000 2013","0","Sebelum tidur harap periksa kembali pagar motor jendela pintu listrik kompor dll. Waspada pencurian &amp; kebakaran. Selamat beristirahat!","346266459837706241","","","in","","0","0","8","https://x.com/undefined/status/346266459837706241","445183062",
"345547902929760257","Fri Jun 14 14:26:54 +0000 2013","0","Sebelum tidur harap periksa kembali pagar motor jendela pintu listrik kompor dll. Waspada pencurian &amp; kebakaran. Selamat beristirahat!","345547902929760257","","","in","","0","1","3","https://x.com/undefined/status/345547902929760257","445183062",
"345040653929033728","Thu Jun 13 04:51:17 +0000 2013","0","Unik Motor Ini Hanya Butuh Obeng Listrik Untuk Bisa Jalan http://t.co/0yQpcY6GaU","345040653929033728","","","in","","0","0","2","https://x.com/undefined/status/345040653929033728","17588443",
"344457096462471168","Tue Jun 11 14:12:26 +0000 2013","0","Sebelum tidur harap periksa kembali pagar motor jendela pintu listrik kompor dll. Waspada pencurian &amp; kebakaran. Selamat beristirahat!","344457096462471168","","","in","","0","1","1","https://x.com/undefined/status/344457096462471168","445183062",
"342284021323141122","Wed Jun 05 14:17:24 +0000 2013","0","Pemerintah juga sibuk buat mobil listrik. Belakangan sepeda motor listrik. Entah apa yg ada di pikiran para elit.","342284021323141122","","","in","","0","13","6","https://x.com/undefined/status/342284021323141122","38155089",
"342103778041933824","Wed Jun 05 02:21:11 +0000 2013","1","sebuah pabrik baterai di bekasi untuk memproduksi baterai litium khusus mobil dan motor listrik.","342103778041933824","","","in","","0","0","4","https://x.com/undefined/status/342103778041933824","306613537",
"342102730581618688","Wed Jun 05 02:17:01 +0000 2013","1","Anak Padang pemilik puluhan paten motor listrik di Jepang.","342102730581618688","","","in","","0","0","5","https://x.com/undefined/status/342102730581618688","306613537",
"341934477146202113","Tue Jun 04 15:08:26 +0000 2013","0","Ini Tampang Motor Listrik Dahlan Iskan http://t.co/QK2LSCWWi6","341934477146202113","","","in","","0","0","0","https://x.com/undefined/status/341934477146202113","17588443",
"341891730070712320","Tue Jun 04 12:18:35 +0000 2013","6","Ini Tampang Motor Listrik Dahlan Iskan http://t.co/z8xmFqEsxh via @detikoto","341891730070712320","","","in","","0","1","35","https://x.com/undefined/status/341891730070712320","69183155",
"341872983599620096","Tue Jun 04 11:04:05 +0000 2013","0","Wow! Motor Listrik Ini Berbanderol Rp500 Juta-an http://t.co/0VbeRoezTx","341872983599620096","","","in","","0","0","2","https://x.com/undefined/status/341872983599620096","17588443",
"341868967402553344","Tue Jun 04 10:48:08 +0000 2013","0","Ini Tampang Motor Listrik Dahlan Iskan http://t.co/9k2RZP239k","341868967402553344","","","in","","0","0","4","https://x.com/undefined/status/341868967402553344","80543284",
"341731384227946496","Tue Jun 04 01:41:25 +0000 2013","0","08.44 : 1. Raya Ngagel arah ke Jagir padat lancar ada kecelakaan sepeda motor menabrak tiang listrik depan PT... http://t.co/jmlLLIfbwy","341731384227946496","","","in","","0","0","1","https://x.com/undefined/status/341731384227946496","848614550",
"341601553469304832","Mon Jun 03 17:05:31 +0000 2013","0","Sebelum Tidur Harap Periksa Kembali Motor Listrik Kompor Jendela dsb. Waspada pencurian dan kebakaran !!! via @PemadamOfficial","341601553469304832","","","in","","0","0","0","https://x.com/undefined/status/341601553469304832","445183062",
"338886829820477440","Mon May 27 05:18:11 +0000 2013","1","Motor Listrik Ini akan Menjelajah Hingga 4 Ribu Kilometer http://t.co/zKgdIar5Di via @detikoto","338886829820477440","","","in","","0","1","23","https://x.com/undefined/status/338886829820477440","69183155",
"338882355668344832","Mon May 27 05:00:24 +0000 2013","0","Motor Listrik Ini akan Menjelajah Hingga 4 Ribu Kilometer http://t.co/95OAlvT86v","338882355668344832","","","in","","0","0","0","https://x.com/undefined/status/338882355668344832","80543284",
"338845217291640832","Mon May 27 02:32:49 +0000 2013","1","Tribun Jakarta Sepeda Motor Listrik Khusus Anak dengan Model Angry Bird: Ini sepeda mot... http://t.co/54YAhiGJbI http://t.co/GxdpCGgad9","338845217291640832","","","in","","0","0","1","https://x.com/undefined/status/338845217291640832","124171593",
"338836853593612291","Mon May 27 01:59:35 +0000 2013","0","Sepeda Motor Listrik Angry Birds&amp;quotuntuk Anak http://t.co/bvYvRGm1t0","338836853593612291","","","in","","0","0","8","https://x.com/undefined/status/338836853593612291","23343960",
"337873625489219584","Fri May 24 10:12:04 +0000 2013","3","Jalan kaki di trotoar makin lama makin sempit. Trus tiba-tiba nggak ada lagi. Atau mentok po'on atau tiang listrik. Atau diklaksonin motor.","337873625489219584","","","in","","0","10","154","https://x.com/undefined/status/337873625489219584","18862596",
"336414767315034112","Mon May 20 09:35:05 +0000 2013","0","Sepeda Motor Listrik Zero ke Asia Lewat Hong Kong: Pemerintah Hong kong membeli 59 unit untuk keperluaan penga... http://t.co/bvxcKqqJb3","336414767315034112","","","in","","0","0","0","https://x.com/undefined/status/336414767315034112","145919758",
"336409377047195649","Mon May 20 09:13:40 +0000 2013","1","Sepeda Motor Listrik Zero ke Asia Lewat Hong Kong http://t.co/O4EsiaLSds","336409377047195649","","","in","","0","0","7","https://x.com/undefined/status/336409377047195649","23343960",
"335322911772643329","Fri May 17 09:16:26 +0000 2013","0","MOGE LISTRIK : Ini Dia Penjelasan Prinsip Kerja Sepeda Motor Listrik Kreasi Wong Solo http://t.co/rl7zhVoE4f","335322911772643329","","","in","","0","0","0","https://x.com/undefined/status/335322911772643329","118371948",
"334336059997556737","Tue May 14 15:55:03 +0000 2013","3","hindari #kelangan motor bisa tambahkan gembok alarm pemutus arus listrik utk kunci yg berpenutup biasakan lubang kunci sll ditutup","334336059997556737","","","in","","0","2","30","https://x.com/undefined/status/334336059997556737","128175561",
"333684005000056832","Sun May 12 20:44:00 +0000 2013","0","Sepeda Motor Penyebab Nissan X-trail Tabrak Tiang Listrik http://t.co/Km0JCzc3ZY","333684005000056832","","","in","","0","0","0","https://x.com/undefined/status/333684005000056832","29013907",
"333164740245323776","Sat May 11 10:20:38 +0000 2013","0","#BDLNEWS | PT Astra Honda Motor bangun Pembangkit Listrik Tenaga Mikro Hidro berkapasitas 20.000 watt Di Lampung - http://t.co/8ZR2VWHVV5","333164740245323776","","","in","","0","0","1","https://x.com/undefined/status/333164740245323776","59055175",
"332880274998304768","Fri May 10 15:30:16 +0000 2013","0","Honda Motor Bangun Pembangkit Listrik Mikro Hidro di Lampung http://t.co/DRuHLoAkwv","332880274998304768","","","in","","0","0","3","https://x.com/undefined/status/332880274998304768","22126902",
"332838554701029378","Fri May 10 12:44:29 +0000 2013","0","Honda Motor Bangun Pembangkit Listrik Mikrohidro di Lampung http://t.co/Nz6SCGgEyO","332838554701029378","","","in","","0","0","1","https://x.com/undefined/status/332838554701029378","68930552",
"332685180949123072","Fri May 10 02:35:02 +0000 2013","0","#jogja @yudistirasatria Ada yang tau tempat jualan mesin motor listrik gak? Di jogja di mana ya? Thanks :)","332685180949123072","","","in","","0","3","3","https://x.com/undefined/status/332685180949123072","128175561",
"332001448965570560","Wed May 08 05:18:08 +0000 2013","2","Nih Motor Listrik untuk Pasukan Khusus AS http://t.co/plq6NH0NMH via @detikoto","332001448965570560","","","in","","0","5","30","https://x.com/undefined/status/332001448965570560","69183155",
"331989867892465664","Wed May 08 04:32:07 +0000 2013","1","Nih Motor Listrik untuk Pasukan Khusus AS http://t.co/jbqStUGl6R","331989867892465664","","","in","","0","0","5","https://x.com/undefined/status/331989867892465664","80543284",
"331960311835930624","Wed May 08 02:34:40 +0000 2013","0","Sepeda Motor Listrik untuk Pasukan Khusus: ideal untuk menyergap teroris di malam hari. [...] http://t.co/xUclaLGqus","331960311835930624","","","in","","0","0","0","https://x.com/undefined/status/331960311835930624","145919758",
"331953547342127106","Wed May 08 02:07:47 +0000 2013","0","Sepeda Motor Listrik untuk Pasukan Khusus http://t.co/uB84GN3Njp","331953547342127106","","","in","","0","1","14","https://x.com/undefined/status/331953547342127106","23343960",
"330165134179827712","Fri May 03 03:41:16 +0000 2013","0","Motor sport listrik ala wong Solo http://t.co/wGCZ7JFxSd #SINDOnews","330165134179827712","","","in","","0","0","0","https://x.com/undefined/status/330165134179827712","231355136",
"326887265227898880","Wed Apr 24 02:36:11 +0000 2013","0","Apa Jadinya Jika Jet Darat F1 Menggunakan Motor Listrik? http://t.co/cFcfDzQNBS via @detikoto","326887265227898880","","","in","","0","0","16","https://x.com/undefined/status/326887265227898880","69183155",
"326886240479748097","Wed Apr 24 02:32:07 +0000 2013","2","Apa Jadinya Jika Jet Darat F1 Menggunakan Motor Listrik? http://t.co/AzyyqzYzA7","326886240479748097","","","in","","0","0","5","https://x.com/undefined/status/326886240479748097","80543284",
"326383893630570496","Mon Apr 22 17:15:58 +0000 2013","0","Bisa sekian tahun kemudian. RT @wingsulis Mobil listrik bisa ? RT @DetEksiJP: Trus orang2 dealer motor n mobil dapet duit darimana?","326383893630570496","","","in","","0","0","0","https://x.com/undefined/status/326383893630570496","96837607",
"326021097923416064","Sun Apr 21 17:14:21 +0000 2013","0","Mahasiswa Riau Juga Sudah Mampu Ciptakan Sepeda dan Motor Listrik http://t.co/XpNo6DZ4tE (GoRiau)","326021097923416064","","","in","","0","0","4","https://x.com/undefined/status/326021097923416064","172425532",
"324488124052959233","Wed Apr 17 11:42:52 +0000 2013","0","Chevy Spark Listrik Meluncur Juni 2013: Tenaga yang dihasilkan motor mencapai 130 PS dan torsi 540 Nm jauh le... http://t.co/SFOiqExoxL","324488124052959233","","","in","","0","0","0","https://x.com/undefined/status/324488124052959233","145919758",
"324466772503822337","Wed Apr 17 10:18:01 +0000 2013","1","Hamdulillah Listrik dah masuk kiluan. Kebayang kl BBM naik dan kampung kami masih pakai generator :( smg BBM buat motor nelayan ttp subsidi","324466772503822337","","","in","","0","1","5","https://x.com/undefined/status/324466772503822337","373741227",
"324423954758524929","Wed Apr 17 07:27:52 +0000 2013","0","TARC 96V Motor Listrik dari Taiwan: Taiwan Automotive Research Consortium (TARC) dengan bangga memperkenalkan... http://t.co/2suNXL4YcQ","324423954758524929","","","in","","0","0","0","https://x.com/undefined/status/324423954758524929","145919758",
"324388863713890304","Wed Apr 17 05:08:26 +0000 2013","0","Motor Mobil Listrik Menristek Buatan LIPI. http://t.co/vJVtH4k9ow","324388863713890304","","","in","","0","0","0","https://x.com/undefined/status/324388863713890304","220151003",
"324116082296225793","Tue Apr 16 11:04:30 +0000 2013","1","Motor Mobil Listrik Menristek Buatan LIPI http://t.co/5pcNKhET6k","324116082296225793","","","in","","0","1","15","https://x.com/undefined/status/324116082296225793","23343960",
"322456916049678337","Thu Apr 11 21:11:34 +0000 2013","0","04.10: Sepeda motor supra B. 6658 .CCE menabrak tiang listrik di Jl. Ngeroto Pinang Tangerang dari Psr. Bengkok - Cipondoh. (P. Sutiadi)","322456916049678337","","","in","","0","0","2","https://x.com/undefined/status/322456916049678337","121640063",
"322292450523762688","Thu Apr 11 10:18:02 +0000 2013","0","Ssstt Menristek Bikin Mobil Listrik: Gunakan motor listrik buatan LIPI. [...] http://t.co/7XbmMZVGXZ","322292450523762688","","","in","","0","0","0","https://x.com/undefined/status/322292450523762688","145919758",
"322025442192277504","Wed Apr 10 16:37:03 +0000 2013","0","Ngeliat muka kamu enak deh.. Tenang gitu kaya knalpot motor listrik","322025442192277504","","","in","","0","3","2","https://x.com/undefined/status/322025442192277504","52029529",
"317569417640808448","Fri Mar 29 09:30:23 +0000 2013","0","Kabel Listrik Tersangkut Kontainer 5 Motor Tertimpa Pohon http://t.co/dIUcwVHMCQ","317569417640808448","","","in","","0","0","0","https://x.com/undefined/status/317569417640808448","157223980",
"317550473605427200","Fri Mar 29 08:15:07 +0000 2013","0","Kabel Listrik Tersangkut Kontainer 5 Motor Tertimpa Pohon http://t.co/2m09RoQjtD","317550473605427200","","","in","","0","0","1","https://x.com/undefined/status/317550473605427200","214835683",
"317550234056138752","Fri Mar 29 08:14:10 +0000 2013","0","Kabel Listrik Tersangkut Kontainer 5 Motor Tertimpa Pohon http://t.co/NQdFRFtLS2 via @detiksby","317550234056138752","","","in","","0","3","21","https://x.com/undefined/status/317550234056138752","69183155",
"317398764417601539","Thu Mar 28 22:12:17 +0000 2013","0","Motor Listrik Akan Berkeliaran di Pertemuan APEC di Bali http://t.co/4abZr8MsFs #HBNews","317398764417601539","","","in","","0","0","21","https://x.com/undefined/status/317398764417601539","252829174",
"317284008193060865","Thu Mar 28 14:36:17 +0000 2013","1","Motor Listrik Akan Berkeliaran di Pertemuan APEC di Bali http://t.co/Jsavbe98mE via @detikoto","317284008193060865","","","in","","0","0","31","https://x.com/undefined/status/317284008193060865","69183155",
"317282963261886464","Thu Mar 28 14:32:07 +0000 2013","0","Motor Listrik Akan Berkeliaran di Pertemuan APEC di Bali http://t.co/nEtYlTK7Bp","317282963261886464","","","in","","0","0","8","https://x.com/undefined/status/317282963261886464","80543284",
"317278439516299264","Thu Mar 28 14:14:09 +0000 2013","4","Peluncuran Motor Listrik Terkendala Regulasi http://t.co/LomIGPfJcv via @detikoto","317278439516299264","","","in","","0","0","16","https://x.com/undefined/status/317278439516299264","69183155",
"317263830495424512","Thu Mar 28 13:16:06 +0000 2013","1","Peluncuran Motor Listrik Terkendala Regulasi http://t.co/pNgfGs2CIh","317263830495424512","","","in","","0","0","1","https://x.com/undefined/status/317263830495424512","80543284",
"299119310071291904","Wed Feb 06 11:36:15 +0000 2013","0","@cLeopatraToti Hah? Ini bicara listrik hape atau sepeda motor sih?","299119310071291904","","cLeopatraToti","in","","0","0","0","https://x.com/undefined/status/299119310071291904","95003951",
"294760394705235968","Fri Jan 25 10:55:29 +0000 2013","0","hati2 dg listrik selama musim banjir. parkir mobil motor yg aman jgn sampe keseret atau kerendem banjir. charge phone sblm listrik mati","294760394705235968","","","in","","0","0","6","https://x.com/undefined/status/294760394705235968","373741227",
"294720385843339264","Fri Jan 25 08:16:30 +0000 2013","1","ITS Masih Impor Motor dan Baterai Mobil Listrik dari China http://t.co/uo2eEUEL","294720385843339264","","","in","","0","0","1","https://x.com/undefined/status/294720385843339264","80543284",
"294720032263520256","Fri Jan 25 08:15:05 +0000 2013","1","ITS Masih Impor Motor dan Baterai Mobil Listrik dari China http://t.co/B7FE1rCi via @detikoto","294720032263520256","","","in","","0","2","23","https://x.com/undefined/status/294720032263520256","69183155",
"294263134380773376","Thu Jan 24 01:59:33 +0000 2013","0","Mengenal pembangkit listrik sepeda motor http://t.co/D7UGoMGA #MDK","294263134380773376","","","in","","0","0","0","https://x.com/undefined/status/294263134380773376","456426648",
"293602799357399040","Tue Jan 22 06:15:36 +0000 2013","0","Dahlan Iskan Siap Jual Motor Listrik http://t.co/CvqfHvkD","293602799357399040","","","in","","0","0","3","https://x.com/undefined/status/293602799357399040","80543284",
"293599017340911616","Tue Jan 22 06:00:35 +0000 2013","0","Dahlan Iskan Juga Siapkan Motor Bebek Listrik http://t.co/2nwjwa1v","293599017340911616","","","in","","0","0","1","https://x.com/undefined/status/293599017340911616","135795460",
"291392885247598592","Wed Jan 16 03:54:12 +0000 2013","0","Produksi Massal Sepeda Motor Listrik Masih Terganjal http://t.co/kQ4sPDKz (RiauPos)","291392885247598592","","","in","","0","0","0","https://x.com/undefined/status/291392885247598592","172425532",
"290449404400373760","Sun Jan 13 13:25:08 +0000 2013","0","Naik motor trail dirut PLN pantau kondisi listrik di Pacitan http://t.co/Ma2zMTVi #MDK","290449404400373760","","","in","","0","0","0","https://x.com/undefined/status/290449404400373760","456426648",
"290367401323814913","Sun Jan 13 07:59:17 +0000 2013","0","Korsleting Listrik Motor dan Mobil Terbakar di Penggilingan http://t.co/JnVkIXjb","290367401323814913","","","in","","0","0","0","https://x.com/undefined/status/290367401323814913","154102750",
"289642858619748354","Fri Jan 11 08:00:13 +0000 2013","0","Motor Listrik untuk Anak Umur 2 Sampai 5 Tahun http://t.co/HOUMjlpd","289642858619748354","","","in","","0","0","1","https://x.com/undefined/status/289642858619748354","80543284",
"289593803407507457","Fri Jan 11 04:45:17 +0000 2013","0","RiauPos: Sepeda Motor Listrik Balitbang Bahas Komitmen Perusahaan http://t.co/wKY34wLz #beritaRIAU","289593803407507457","","","in","","0","2","1","https://x.com/undefined/status/289593803407507457","168590064",
"289329582035836929","Thu Jan 10 11:15:22 +0000 2013","1","Sepeda Motor Listrik Buat Anak-anak http://t.co/XKCWUXjq","289329582035836929","","","in","","0","2","3","https://x.com/undefined/status/289329582035836929","23343960",
"288877296943771648","Wed Jan 09 05:18:10 +0000 2013","1","Lexus LS 600 hL didukung mesin bensin 6000cc + motor listrik (Lexus Hybrid Drive) #LexusNewLS http://t.co/fOEKKuuI","288877296943771648","https://pbs.twimg.com/media/BAJMXvxCMAEHiNL.jpg","","in","","0","0","6","https://x.com/undefined/status/288877296943771648","64310527",
"288866684062793728","Wed Jan 09 04:35:59 +0000 2013","0","Pohon Tumbang Timpa Tiang Listrik Motor dan Becak http://t.co/KPuSreGm","288866684062793728","","","in","","0","2","4","https://x.com/undefined/status/288866684062793728","65639033",
"287328220343304192","Fri Jan 04 22:42:40 +0000 2013","1","Korsleting Meteran Listrik Ledakkan Mobil dan Motor: http://t.co/OTrOfNxN","287328220343304192","","","in","","0","0","9","https://x.com/undefined/status/287328220343304192","57261519",
"285033613463003138","Sat Dec 29 14:44:43 +0000 2012","0","Waspada! Kejut Listrik Jadi Modus Baru Perampas Motor di Kota Bandung http://t.co/iEIwXU1W #infoBDG","285033613463003138","","","in","","0","8","75","https://x.com/undefined/status/285033613463003138","101494663",
"285012020976287746","Sat Dec 29 13:18:55 +0000 2012","3","Kejut Listrik Modus Baru Perampas Motor http://t.co/pVPcFiI4","285012020976287746","","","in","","0","2","36","https://x.com/undefined/status/285012020976287746","23343960",
"280988777378361344","Tue Dec 18 10:51:59 +0000 2012","0","Dewi beserta motor Vario nya AB 6773 PN bahkan terseret 100 meter sebelum berhenti karena menabrak tiang listrik pinggir jalan","280988777378361344","","","in","","0","0","4","https://x.com/undefined/status/280988777378361344","593344156",
"279584121553043459","Fri Dec 14 13:50:23 +0000 2012","4","Motor Listrik ini 'Gentayangan' di Pabrik Yamaha http://t.co/uQAauhm4 via @detikoto","279584121553043459","","","in","","0","1","34","https://x.com/undefined/status/279584121553043459","69183155",
"279579014841122816","Fri Dec 14 13:30:06 +0000 2012","1","Motor Listrik ini 'Gentayangan' di Pabrik Yamaha http://t.co/NnDqqz8f","279579014841122816","","","in","","0","0","4","https://x.com/undefined/status/279579014841122816","80543284",
